station_id,station_name,station_latitude,station_longitude
341,Stanton St & Mangin St,40.71782143,-73.97628939
300,Shevchenko Pl & E 7 St,40.728145,-73.990214
3237,21 St & 41 Ave,40.75383343437622,-73.94267678260802
3660,W 16 St & 8 Ave,40.74102150900266,-74.001384973526
3686,Gansevoort St & Hudson St,40.73944820130404,-74.00507032871245
3851,Metropolitan Ave & Stewart Ave,40.714009999999995,-73.92793
3672,Apache,40.669767091850034,-73.99474382400513
2021,W 45 St & 8 Ave,40.75929124,-73.98859651
408,Market St & Cherry St,40.71076228,-73.99400398
3322,12 St & 4 Ave,40.668603000000004,-73.99043940000001
3343,W 107 St & Columbus Ave,40.7997568,-73.9621128676
3245,NYCBS DEPOT - DELANCEY,40.71644423134479,-73.9823305606842
3507,Park Ave & E 124 St,40.8045555,-73.93968609999999
3395,Henry St & W 9 St [old],40.6763744,-74.00324957
3798,W 40 St & 5 Ave,40.752269,-73.982079
3861,Menahan St & Wyckoff Ave,40.70113,-73.91422
3764,Bushwick Ave & McKibbin St,40.705517,-73.93936
3739,Perry St & Greenwich Ave,40.735918,-74.000939
316,Fulton St & William St,40.70955958,-74.00653609
3041,Kingston Ave & Herkimer St,40.67890679,-73.94142771
3911,Wyckoff St & Nevins St,40.683426000000004,-73.984275
3849,Suydam St & St. Nicholas Ave,40.70636,-73.91945
398,Atlantic Ave & Furman St,40.69165183,-73.99997859999999
435,W 21 St & 6 Ave,40.74173969,-73.99415556
160,E 37 St & Lexington Ave,40.748238,-73.978311
510,W 51 St & 6 Ave,40.7606597,-73.98042047
3076,Scholes St & Manhattan Ave,40.70870368,-73.9448625
3147,E 85 St & 3 Ave,40.77801203,-73.95407149
3294,E 91 St & Park Ave,40.7835016,-73.955327
3374,Central Park North & Adam Clayton Powell Blvd,40.799484,-73.955613
3646,35 Ave & 10 St,40.763154819103725,-73.93985509872438
3858,Kent St & McGuinness Blvd,40.73124,-73.95161
3233,E 48 St & 5 Ave,40.758,-73.977
3104,KentAve&N7 St,40.72057658,-73.96150225
128,MacDougal St & Prince St,40.72710258,-74.00297088
3402,Court St & State St,40.6902375,-73.99203074
3585,Union St & Bedford Ave,40.6691783,-73.9554162
3166,Riverside Dr & W 72 St,40.780577990103346,-73.98562431335448
444,Broadway & W 24 St,40.742354299999995,-73.98915076
438,St Marks Pl & 1 Ave,40.72779126,-73.98564945
275,Washington Ave & Greene Ave,40.68650065,-73.96563307
3140,1 Ave & E 78 St,40.77140426,-73.9535166
3302,Columbus Ave & W 103 St,40.7969347,-73.9643412291
3349,Grand Army Plaza & Plaza St West,40.6729679,-73.97087984
3880,Willoughby Ave & Onderdonk Ave,40.7098,-73.91727
309,Murray St & West St,40.7149787,-74.013012
391,Clark St & Henry St,40.69760127,-73.99344559
514,12 Ave & W 40 St,40.76087502,-74.00277668
3129,Queens Plaza North & Crescent St,40.75110165,-73.94073717
3376,E 65 St & 2 Ave,40.76471851944339,-73.96222069859505
3497,Pleasant Ave & E 116 St,40.794987899999995,-73.9333349
3687,E 33 St & 1 Ave,40.74322681432173,-73.97449783980845
431,Hanover Pl & Livingston St,40.68864636,-73.98263429
174,E 25 St & 1 Ave,40.7381765,-73.97738662
3162,W 78 St & Broadway,40.78339981,-73.98093133
3715,Driggs Ave & N 9 St,40.71816969454208,-73.95520135760306
258,DeKalb Ave & Vanderbilt Ave,40.68940747,-73.96885458
3285,W 87 St & Amsterdam Ave,40.78839,-73.9747
3582,Lincoln Pl & Classon Ave,40.672168299999996,-73.9609
3504,E 123 St & Lexington Ave,40.802926299999996,-73.9379
450,W 49 St & 8 Ave,40.760999999999996,-73.98899999999999
3165,Central Park West & W 72 St,40.77575319,-73.97603963
3466,W 45 St & 6 Ave -,40.75668720603179,-73.98257732391356
3110,Meserole Ave & Manhattan Ave,40.728,-73.953
440,E 45 St & 3 Ave,40.75255434,-73.97282625
368,Carmine St & 6 Ave,40.73038599,-74.00214988
396,Lefferts Pl & Franklin Ave,40.68034242,-73.95576894
3133,E 67 St & Park Ave,40.76735637,-73.96493528
3305,E 91 St & 2 Ave,40.781122299341654,-73.94965589046478
3570,35 Ave & 37 St,40.7557327,-73.92366109999999
3495,E 114 St & 1 Ave,40.79456629999999,-73.9362541
3749,Lexington Ave & E 36 St,40.747573958954796,-73.97880077362059
3774,Knickerbocker Ave & George St,40.704425,-73.92836
491,E 24 St & Park Ave S,40.74,-73.986
388,W 26 St & 10 Ave,40.74971775,-74.00295035
422,W 59 St & 10 Ave,40.77,-73.98899999999999
301,E 2 St & Avenue B,40.72217444,-73.98368779
150,E 2 St & Avenue C,40.720873600000004,-73.98085795
3087,Metropolitan Ave & Meeker Ave,40.71413311,-73.95234386
521,8 Ave & W 31 St N,40.750967348715974,-73.99444207549095
3580,St Johns Pl & Washington Ave,40.6737236,-73.9631611
3629,Adam Clayton Powell Blvd & W 126 St,40.809495347779475,-73.94776493310928
337,Old Slip & Front St,40.703799200000006,-74.00838676
385,E 55 St & 2 Ave,40.75797322,-73.96603308
294,Washington Square E,40.73049393,-73.99572140000001
3121,Jackson Ave & 46 Rd,40.74524768,-73.94733276
3042,Fulton St & Utica Ave,40.6794268,-73.92989109999999
3109,Banker St & Meserole Ave,40.72606,-73.95621
3333,Columbia St & Lorraine St,40.6747055,-74.00755720000001
3355,E 66 St & Madison Ave,40.768008893059466,-73.96845281124116
3656,E 2 St & Avenue A,40.72307749068673,-73.98583620786667
3574,Prospect Pl & Underhill Ave,40.6769694,-73.96579
3250,58th St Depot,40.716909780459645,-73.98383796215056
3197,Hs Don't Use,40.71925170740989,-74.03423398733139
3563,28 St & 36 Ave,40.757186,-73.93271899999999
3669,Henry St & W 9 St (OLD),40.67630357634183,-74.00314047932625
3897,Onderdonk Ave & Dekalb Ave,40.70863,-73.91497
525,W 34 St & 11 Ave,40.75594159,-74.0021163
119,Park Ave & St Edwards St,40.69608941,-73.97803415
3181,Soissons Landing,40.692609000000004,-74.016398
3017,NYCBS Depot - FAR,40.751483,-73.996764
3403,4 Ave & 9 St,40.6705135,-73.98876585
3399,7 St & 3 Ave,40.67260298150126,-73.98983001708984
3532,Ditmars Blvd & 19 St,40.78145,-73.9183302
3747,E 84 St & 3 Ave,40.777553742988864,-73.95512759685515
3830,Halsey St & Evergreen Ave,40.68858,-73.91226999999999
3892,38 Ave & 29 St,40.75473,-73.93366999999999
3346,Berkeley Pl & 7 Ave,40.675146838709786,-73.9752320945263
3501,E 118 St & Madison Ave,40.801486600000004,-73.9442507
3642,E 98 St & Lexington Ave,40.787285198609524,-73.95012259483337
3102,Driggs Ave & Lorimer St,40.72179134,-73.95041540000001
3496,1 Ave & E 110 St,40.7923272,-73.9383
369,Washington Pl & 6 Ave,40.73224119,-74.00026394
516,E 47 St & 1 Ave,40.75206862,-73.96784384
3068,Humboldt St & Varet St,40.7031724,-73.940636
3449,Eckford St & Engert Ave,40.72146256229816,-73.94800901412964
3695,E 5 St & 2 Ave,40.72686951528207,-73.9891903102398
3768,Waterbury St & Stagg St,40.710190000000004,-73.93734
3824,Van Sinderen Ave & Truxton St,40.6786,-73.90369
477,W 41 St & 8 Ave,40.75640548,-73.9900262
3080,S 4 St & Rodney St,40.709340000000005,-73.95608
3096,Union Ave & N 12 St,40.71924,-73.95241999999999
3350,W 100 St & Broadway,40.797372100000004,-73.97041192
3512,27 Ave & 4 St,40.7747175,-73.93378940000001
3668,Leonard St & Nassau Ave,40.7239567849954,-73.94984364509583
3659,W 17 St & 9 Ave,40.7429489166009,-74.00413691997528
339,Avenue D & E 12 St,40.72580614,-73.97422494
3127,9 St & 44 Rd,40.74966,-73.9521
3224,W 13 St & Hudson St,40.73997354103409,-74.00513872504234
3117,Franklin St & Dupont St,40.735640000000004,-73.95866
3160,Central Park West & W 76 St,40.77896784,-73.97374737
3370,E 78 St & 2 Ave,40.7727966,-73.95577801
3040,GOW Tech Shop,40.66979964220026,-73.99497985839844
3689,W 104 St & Amsterdam Ave,40.79904139288298,-73.96649479866028
3756,White St & Moore St,40.704508000000004,-73.9351
3789,Fulton St & Irving Pl,40.68186,-73.95943199999999
517,Pershing Square South,40.751999999999995,-73.977
380,W 4 St & 7 Ave S,40.73401143,-74.00293877
319,Fulton St & Broadway,40.711065999999995,-74.009447
3389,Carroll St & Columbia St,40.6830456,-74.00348559
3572,34 Ave & 38 St,40.756913,-73.921631
3320,Central Park West & W 100 St,40.794066608185524,-73.96286845207214
3778,Irving Ave & DeKalb Ave,40.7027,-73.92095
3780,Wyckoff Av & Stanhope St,40.703545,-73.917775
262,Washington Park,40.69178232,-73.97372989
3373,3 St & 3 Ave,40.675070500000004,-73.98775226
3425,2 Ave & E 104 St,40.789210499999996,-73.94370784
3745,36 Ave & 31 St,40.75651272984955,-73.92957486212252
3854,Morgan Ave & Maspeth Ave,40.716657,-73.93637
3882,Norman St & Wyckoff Ave,40.695170000000005,-73.90311
3826,Moffat St & Bushwick,40.68458,-73.90925
308,St James Pl & Oliver St,40.71307916,-73.99851193
3062,Myrtle Ave & Marcy Ave,40.69539817,-73.94954908
3136,5 Ave & E 63 St,40.766368,-73.971518
3480,WS Don't Use,0.0,0.0
3666,32 St & 30 Ave,40.7664255270288,-73.92062902450563
3823,Beaver St & Fayette St,40.700990000000004,-73.93921
3863,Central Ave & Woodbine St,40.69296,-73.91605
3176,W 64 St & West End Ave,40.77452835,-73.98753759
3253,Bike The Branches - Central Branch,40.67280641227746,-73.96886587142943
3514,Astoria Park S & Shore Blvd,40.7767,-73.927631
3799,6 Ave & W 34 St,40.74964,-73.98805
508,W 46 St & 11 Ave,40.764,-73.998
545,E 23 St & 1 Ave,40.736999999999995,-73.977
546,E 30 St & Park Ave S,40.74444921,-73.98303529
2000,Front St & Washington St,40.70255088,-73.98940236
3586,34 Ave & 13 St,40.763875299999995,-73.9364848
3701,Cliff St & Fulton St,40.70831794366396,-74.0050408244133
3827,Halsey St & Broadway,40.68565,-73.91564
507,E 25 St & 2 Ave,40.73912601,-73.97973776
3569,Franklin Ave & St Marks Ave,40.6758324,-73.95616770000001
3699,W 50 St & 9 Ave,40.76360467795863,-73.98917958140373
3890,Grove St & Broadway,40.69047,-73.923511
481,S 3 St & Bedford Ave,40.71260486,-73.96264403
243,Fulton St & Rockwell Pl,40.687979,-73.978474
494,W 26 St & 8 Ave,40.74734825,-73.99723551
3132,E 59 St & Madison Ave,40.76350532,-73.97109243
3138,E 77 St & Park Ave,40.774405455003,-73.96175265312193
282,Kent Ave & S 11 St,40.7076449441757,-73.96841526031494
3577,34 Ave & 21 St,40.762813799999996,-73.9342862
3535,Mt Morris Park W & W 120 St,40.804038,-73.945925
3530,Crescent St & Ditmars Blvd,40.7787185,-73.9145645
3616,Steinway St & 28 Ave,40.7656251,-73.9136695
3676,Van Brunt St & Van Dyke St,40.675832943912894,-74.01472628116608
496,E 16 St & 5 Ave,40.73726186,-73.99238967
467,Dean St & 4 Ave,40.68312489,-73.97895137
3436,Greenwich St & Hubert St,40.721319,-74.010065
3316,W 104 St & Amsterdam Ave - 1,40.798993700000004,-73.96621737779999
3867,Somers St & Broadway,40.67945,-73.90474
345,W 13 St & 6 Ave,40.73649403,-73.99704374
3381,3 St & Hoyt St,40.6777287,-73.99364123
3002,South End Ave & Liberty St,40.711512,-74.01575600000001
251,Mott St & Prince St,40.72317958,-73.99480012
334,W 20 St & 7 Ave,40.74238787,-73.99726235
3603,31 Ave & 30 St,40.7647,-73.9240312
3740,W Broadway & W Houston St,40.726378000000004,-74.000472
3828,Eldert St & Bushwick Ave,40.68652,-73.91320999999999
3093,N 6 St & Bedford Ave,40.71745169,-73.95850939
3243,E 58 St & 1 Ave,40.75892386377695,-73.96226227283478
296,Division St & Bowery (old),40.71413089,-73.99704679999999
3896,Madison St & Seneca Ave,40.70183,-73.90625
3054,Greene Ave & Throop Ave,40.6894932,-73.942061
3263,Cooper Square & Astor Pl,40.729514962249496,-73.99075269699097
3714,Division Ave & Hooper St,40.70684203101325,-73.9544353965357
3047,Halsey St & Tompkins Ave,40.682368700000005,-73.944118
3290,E 89 St & York Ave,40.7779453,-73.94604100000001
3424,E 106 St & Lexington Ave,40.791976,-73.945993
3332,Degraw St & Hoyt St,40.68199044270703,-73.99079024791719
3100,Nassau Ave & Newell St,40.724812564400175,-73.94752621650694
3590,Carroll St & Franklin Ave,40.6679411,-73.9588
3691,28 Ave & 44 St,40.76408932350689,-73.9106512069702
3835,Knickerbocker Ave & Hancock St,40.69385,-73.90974
427,State St,40.70251526,-74.01427023
3300,Prospect Park West & 8 St,40.66514681533792,-73.97637605667114
3367,5 Ave & E 103 St,40.791,-73.953
3091,Frost St & Meeker St,40.71764,-73.94882
3164,Columbus Ave & W 72 St,40.7770575,-73.97898475
3309,E 97 St & 3 Ave,40.7859201,-73.94860294
3307,West End Ave & W 94 St,40.7941654,-73.974124
228,E 48 St & 3 Ave,40.7546011,-73.97187886
377,6 Ave & Canal St,40.72243797,-74.00566443
3492,E 118 St & Park Ave,40.8005385,-73.9419949
3834,Irving Ave & Halsey St,40.69467,-73.90663
3825,Broadway & Furman Ave,40.68139,-73.90756
2017,E 43 St & 2 Ave,40.75022392,-73.97121414
233,Joralemon St & Adams St,40.69246277,-73.98963911
3621,27 Ave & 9 St,40.7739825,-73.93091340000001
2010,Grand St & Greene St,40.72165481,-74.00234737
3052,Lewis Ave & Madison St,40.686312,-73.935775
3908,Battery Pl & Greenwich St,40.70463,-74.01507
3126,44 Dr & Jackson Ave,40.74718234,-73.9432635
415,Pearl St & Hanover Square,40.7047177,-74.00926027
293,Lafayette St & E 8 St,40.73028666,-73.9907647
379,W 31 St & 7 Ave,40.749156,-73.9916
3369,E 82 St & East End Ave,40.77246067789397,-73.94682079553606
3673,Dean St & Franklin Ave,40.67759206937376,-73.95563721656801
485,W 37 St & 5 Ave,40.749,-73.983
3868,Knickerbocker Ave & Halsey St,40.693000000000005,-73.90824
303,Mercer St & Spring St,40.72362738,-73.99949601
354,Emerson Pl & Myrtle Ave,40.69363137,-73.96223558
261,Johnson St & Gold St,40.69474881,-73.98362464
524,W 43 St & 6 Ave,40.75527307,-73.98316936
3371,4 Ave & 2 St,40.674613422475815,-73.98501142859459
3493,E 118 St & 3 Ave,40.799139000000004,-73.9389152
502,Henry St & Grand St,40.714211,-73.981095
332,Cherry St,40.71219906,-73.97948148
3149,E 82 St & 2 Ave,40.77517793,-73.95324922
3107,Bedford Ave & Nassau Ave,40.72311651,-73.95212324
3397,Court St & Nelson St,40.6763947,-73.99869893
3534,Frederick Douglass Blvd & W 117 St,40.805159,-73.95469200000001
3723,Cadman Plaza E & Johnson St,40.69531727766904,-73.99015724658966
267,Broadway & W 36 St,40.75097711,-73.98765428
3252,Bike The Branches - Red Hook Branch,40.67534953067412,-74.01002034544946
3405,5 St & 6 Ave,40.670483600000004,-73.98208968
3408,Congress St & Clinton St,40.6881529,-73.99520919
3617,28 Ave & 35 St,40.7671,-73.9169858
469,Broadway & W 53 St,40.76344058,-73.98268129
458,11 Ave & W 27 St,40.751396,-74.00522600000001
3167,Amsterdam Ave & W 73 St,40.779668090073116,-73.98093044757842
3090,N 8 St & Driggs Ave,40.71774592,-73.95600096
3470,Expansion Tech Station,40.669801930896156,-73.994904756546
3539,W 116 St & Amsterdam Ave,40.8067581,-73.9607082
3633,333 Johnson TEST 1,0.0,0.0
3636,Expansion Warehouse 333 Johnson Ave,40.707731483954696,-73.93452286720277
2003,1 Ave & E 18 St,40.73381219196632,-73.9805442094803
3536,W 116 St & Broadway,40.8082,-73.9641
3525,23 Ave & 27 St,40.776165,-73.9153175
3494,E 115 St & Lexington Ave,40.797911,-73.9423
3571,Bedford Ave & Bergen St,40.676368,-73.95291800000001
3869,Van Buren St & Broadway,40.692,-73.92617
466,W 25 St & 6 Ave,40.74395411,-73.99144871
539,Metropolitan Ave & Bedford Ave,40.71534825,-73.96024116
3043,Lewis Ave & Decatur St,40.6814598,-73.934903
3377,Carroll St & Bond St,40.6786115,-73.99037292
3632,E 12 St & Avenue B,40.728048571362606,-73.97881150245668
3643,E 41 St & 5 Ave,40.75272201381188,-73.98123621940613
505,6 Ave & W 33 St,40.749,-73.98899999999999
3287,W 87 St & West End Ave,40.789621999999994,-73.97757
540,Lexington Ave & E 26 St,40.74147286,-73.98320928
346,Bank St & Hudson St,40.73652889,-74.00618026
244,Willoughby Ave & Hall St,40.69196035,-73.96536851
164,E 47 St & 2 Ave,40.75323098,-73.97032517
522,E 51 St & Lexington Ave,40.75714758,-73.97207836
3053,Marcy Ave & Lafayette Ave,40.6900815,-73.94791500000001
3312,1 Ave & E 94 St,40.78172120000001,-73.94594000000001
3298,Warren St & Court St,40.686371,-73.99383324
3378,E 76 St & Park Ave,40.773763,-73.96222088
265,Stanton St & Chrystie St,40.72229346,-73.99147535
3144,E 81 St & Park Ave,40.77677702,-73.95900970000001
3418,Plaza St West & Flatbush Ave,40.675020700000005,-73.97111473
3593,31 St & Broadway,40.761584,-73.925921
3733,Avenue C & E 18 St,40.730563000000004,-73.973984
3759,Irving Ave & Jefferson St,40.704,-73.926
3865,Knickerbocker Ave & Cooper St,40.69081,-73.90448
504,1 Ave & E 15 St,40.73221853,-73.98165557
212,W 16 St & The High Line,40.74334935,-74.00681753
406,Hicks St & Montague St,40.69512845,-73.99595065
3097,N Henry St & Richardson St,40.71921585,-73.94244690000001
3284,E 88 St & Park Ave,40.781410700190015,-73.95595908164978
3559,21 St & 38 Ave,40.7576314,-73.9391224
445,E 10 St & Avenue A,40.72740794,-73.98142006
3128,21 St & 43 Ave,40.75052534,-73.94594845
3321,Clinton St & Union St,40.683116399999996,-73.99785267
3609,Vernon Blvd & 31 Ave,40.7692475,-73.93545040000001
3575,Crescent St & 34 Ave,40.76108,-73.930562
3630,Frederick Douglass Blvd & W 115 St,40.803000000000004,-73.956
279,Peck Slip & Front St,40.707873,-74.00166999999999
3391,E 106 St & 1 Ave,40.7892529,-73.93956237
3898,E 63 St & 3 Ave,40.763954,-73.9646
250,Lafayette St & Jersey St N,40.72456089,-73.99565293
247,Perry St & Bleecker St,40.73535398,-74.00483091
358,Christopher St & Greenwich St,40.73291553,-74.00711384
3641,Broadway & W 25 St,40.74286877312112,-73.98918628692627
3540,Morningside Ave & W 123 St,40.81,-73.9551508
3870,Melrose St & Broadway,40.697480999999996,-73.935877
3232,Bond St & Fulton St,40.68962188790333,-73.98304268717766
3170,W 84 St & Columbus Ave,40.78499979,-73.97283406
3236,W 42 St & Dyer Ave,40.75898481399634,-73.99379968643187
223,W 13 St & 7 Ave,40.73781509,-73.99994661
351,Front St & Maiden Ln,40.70530954,-74.00612572
3069,Lorimer St & Broadway,40.70411791,-73.94818595
3431,E 35 St & 3 Ave,40.746524,-73.977885
3348,Coffey St & Conover St,40.677236,-74.015665
3342,Pioneer St & Richards St,40.677774799999995,-74.0094613
3286,E 89 St & 3 Ave,40.7806284,-73.9521667
3330,Henry St & Bay St,40.672505799999996,-74.00494695
3036,8D OPS 01,40.880920555238774,-73.89660179615021
3555,28 St & 41 Ave,40.751047,-73.93796999999999
3503,Madison Ave & E 120 St,40.80295,-73.942954
3650,8D Mobile 01,45.50585063876722,-73.56910943984984
3771,McKibbin St & Bogart St,40.706237,-73.933871
2001,Sands St & Navy St,40.699773,-73.979927
3398,Smith St & 9 St,40.67469570000001,-73.99785768
3520,Adam Clayton Powell Blvd & W 118 St,40.804372,-73.951475
3819,Green St & McGuinness Blvd,40.733959999999996,-73.95204
137,E 56 St & Madison Ave,40.761628,-73.972924
487,E 20 St & FDR Drive,40.73314259,-73.97573881
3135,E 75 St & 3 Ave,40.77112927,-73.95772297
3089,Leonard St & Meeker Ave,40.717318403855785,-73.9482021331787
3545,Broadway & W 122 St,40.8120562,-73.9612547
3902,Fairview Ave & Linden St,40.70694,-73.90632
384,Fulton St & Waverly Ave,40.68317813,-73.9659641
153,E 40 St & 5 Ave,40.752062306999996,-73.9816324043
344,Monroe St & Bedford Ave,40.6851443,-73.95380904
2008,Little West St & 1 Pl,40.70569254,-74.01677685
3075,Division Ave & Marcy Ave,40.70708701,-73.95796783
3440,Fulton St & Adams St,40.692418292578466,-73.98949474096298
3522,37 St & 24 Ave,40.7701477,-73.9120938
3900,Morgan Ave & Lombardy St,40.72226,-73.93889
245,Myrtle Ave & St Edwards St,40.69327018,-73.97703874
3221,47 Ave & 31 St,40.743,-73.93561
3422,Columbia St & Degraw St,40.6859296,-74.00242364
3671,E 81 St & 2 Ave,40.77477944895728,-73.95427465438844
281,Grand Army Plaza & Central Park S,40.764,-73.97399999999999
3811,27 Ave & 3 St,40.77485,-73.9342
168,W 18 St & 6 Ave,40.73971301,-73.99456405
465,Broadway & W 41 St,40.75513557,-73.98658032
3254,Soissons Landing,40.69231660719192,-74.01486575603484
3238,E 80 St & 2 Ave,40.77391390238118,-73.9543953537941
3296,E 93 St & 2 Ave,40.78245417527987,-73.94891962409021
3822,Bushwick Ave & Forrest St,40.700759999999995,-73.93641
509,9 Ave & W 22 St,40.7454973,-74.00197139
3112,Milton St & Franklin St,40.72906,-73.95779
3354,3 St & Prospect Park West,40.668132,-73.97363831
3315,Henry St & Degraw St,40.684751399999996,-73.99917254
3258,W 27 St & 10 Ave,40.750181563256824,-74.00218427181244
3614,Crescent St & 30 Ave,40.768692,-73.9249574
3564,21 St & 36 Ave,40.760185299999996,-73.9362726
537,Lexington Ave & E 24 St,40.74025878,-73.98409214
355,Bayard St & Baxter St,40.71602118,-73.99974372
2023,E 55 St & Lexington Ave,40.75968085,-73.97031366
3078,Broadway & Roebling St,40.70925562,-73.95982218
3283,W 89 St & Columbus Ave,40.7882213,-73.97041561
3491,E 118 St & 1 Ave,40.797470000000004,-73.93504
3727,Frost St & Meeker Ave,40.71766197083994,-73.94880026578903
3884,Centre St & Seneca Ave,40.699690000000004,-73.9022
167,E 39 St & 3 Ave,40.749,-73.977
499,Broadway & W 60 St,40.76915505,-73.98191841
394,E 9 St & Avenue C,40.72521311,-73.97768752
3148,E 84 St & 1 Ave,40.77565541,-73.95068615
3864,Central Ave & Covert St,40.68929,-73.90951
3016,Kent Ave & N 7 St,40.720725534125954,-73.9612591266632
325,E 19 St & 3 Ave,40.73624527,-73.98473765
297,E 15 St & 3 Ave,40.734232,-73.986923
3156,E 72 St & York Ave,40.76663814,-73.95348296
3394,Columbia St & W 9 St,40.6769993,-74.00647134
3282,5 Ave & E 88 St,40.78307,-73.95939
3573,35 St & 34 Ave,40.7580583,-73.92427509999999
3599,Franklin Ave & Empire Blvd,40.663140000000006,-73.96056949999999
3105,N 15 St & Wythe Ave,40.724055,-73.955736
3428,8 Ave & W 16 St,40.740983,-74.00170200000001
3338,2 Ave & E 99 St,40.786258600000004,-73.94552579
3844,Myrtle Ave & Linden St,40.69943,-73.91337
120,Lexington Ave & Classon Ave,40.68676793,-73.95928168
318,E 43 St & Vanderbilt Ave,40.75320159,-73.9779874
321,Cadman Plaza E & Red Cross Pl,40.69991755,-73.98971773
482,W 15 St & 7 Ave,40.73935542,-73.99931783
488,W 39 St & 9 Ave,40.75645824,-73.99372222
411,E 6 St & Avenue D,40.72228087,-73.97668709
3303,Butler St & Court St,40.6849894,-73.99440329
3472,W 15 St & 10 Ave,40.742753828659026,-74.00747358798982
3832,Central Ave & Weirfield St,40.69055,-73.91181
3895,Cypress Ave & Palmetto St,40.70157340873792,-73.90876293182373
3883,Harman St & Seneca Ave,40.70577,-73.91292
328,Watts St & Greenwich St,40.72405549,-74.00965965
3318,2 Ave & E 96 St,40.7839636,-73.94716729999999
3452,Bayard St & Leonard St,40.71915571696044,-73.94885390996933
3708,W 13 St & 5 Ave,40.735445,-73.99431
340,Madison St & Clinton St,40.71269042,-73.98776323
3242,Schermerhorn St & Court St,40.69102925677968,-73.99183362722397
3310,14 St & 7 Ave,40.663779,-73.98396846
3551,3 Ave & E 112 St,40.795508,-73.94160600000001
323,Lawrence St & Willoughby St,40.69236178,-73.98631746
229,Great Jones St,40.72743423,-73.99379025
314,Cadman Plaza West & Montague St,40.69383,-73.990539
3556,24 St & 41 Ave,40.752708500000004,-73.9397405
3584,Eastern Pkwy & Franklin Ave,40.670776700000005,-73.9576801
3716,40 Ave & Crescent St,40.7535992020056,-73.9379560947418
3760,Willoughby Ave & Wyckoff Ave,40.705614000000004,-73.92153
402,Broadway & E 22 St,40.740343200000005,-73.98955109
302,Avenue D & E 3 St,40.72082834,-73.97793172
146,Hudson St & Reade St,40.71625008,-74.0091059
453,W 22 St & 8 Ave,40.74475148,-73.99915362
82,St James Pl & Pearl St,40.71117416,-74.00016545
3293,W 92 St & Broadway,40.7921,-73.9739
3474,6 Ave & Spring St,40.7252556952547,-74.00412082672119
433,E 13 St & Avenue A,40.72955361,-73.98057249
3223,E 55 St & 3 Ave,40.758996559605116,-73.96865397691727
3048,Putnam Ave & Nostrand Ave,40.684020000000004,-73.94977
3459,E 53 St & 3 Ave,40.75763227739443,-73.9693057537079
513,W 56 St & 10 Ave,40.766999999999996,-73.98899999999999
335,Washington Pl & Broadway,40.728,-73.995
254,W 11 St & 6 Ave,40.73532427,-73.99800419
3467,W Broadway & Spring Street,40.72494672359416,-74.00165855884552
3821,Evergreen Ave & Noll St,40.70106,-73.93318000000001
3257,Adventures NYC,40.77376867022874,-73.97116988897324
3814,E 56 St & Madison Ave,40.761573,-73.972628
412,Forsyth St & Canal St,40.715815500000005,-73.99422366
442,W 27 St & 7 Ave,40.746646999999996,-73.993915
532,S 5 Pl & S 4 St,40.710451,-73.960876
3044,Albany Ave & Fulton St,40.6800105,-73.938475
3266,Kiosk in a box Deployment,40.70861098096821,-73.92850399017334
3489,Gold St & Frankfort St,40.710699946313866,-74.00354146957396
455,1 Ave & E 44 St,40.75001986,-73.96905301
3352,Sigourney St & Columbia St,40.67267243410948,-74.00879524648191
3517,31 St & Hoyt Ave N,40.771152799999996,-73.9170074
310,State St & Smith St,40.68926942,-73.98912867
468,Broadway & W 56 St,40.7652654,-73.98192338
3565,36 Ave & 10 St,40.7614376,-73.9411265
264,Maiden Ln & Pearl St,40.70706456,-74.00731853
3434,W 88 St & West End Ave,40.790254173304184,-73.97718340158461
3541,Amsterdam Ave & W 125 St,40.813358,-73.956461
3364,Carroll St & 5 Ave,40.6751622,-73.9814832
249,Harrison St & Hudson St,40.71870987,-74.0090009
3046,Marcus Garvey Blvd & Macon St,40.682601,-73.938037
3416,7 Ave & Park Pl,40.67761470000001,-73.97324283
3142,1 Ave & E 62 St,40.760999999999996,-73.962
3175,W 70 St & Amsterdam Ave,40.775999999999996,-73.983
3385,2 Ave & E 105 St,40.7898175,-73.94296109
495,W 47 St & 10 Ave,40.76269882,-73.99301222
421,Clermont Ave & Park Ave,40.69573398,-73.97129668
3427,Lafayette St & Jersey St,40.72430527250332,-73.99600982666016
3308,Kane St & Clinton St,40.686175799999994,-73.99645295
3130,21 St & Queens Plaza North,40.75325964,-73.94335788
3579,Sterling Pl & Bedford Ave,40.672695000000004,-73.954131
3592,Crescent St & Broadway,40.7633589,-73.92864709999999
3881,12 Ave & W 125 St,40.818298999999996,-73.96040500000001
393,E 5 St & Avenue C,40.72299208,-73.97995466
317,E 6 St & Avenue B,40.72453734,-73.98185424
3613,Center Blvd & 48 Ave,40.745038,-73.957539
3653,31 St & 35 Ave,40.75820464696758,-73.92832159996033
3661,Montgomery St & Franklin Ave,40.666439306870814,-73.96055638790129
3856,Kingsland Ave & Nassau Ave,40.725770000000004,-73.94173
530,11 Ave & W 59 St,40.771522,-73.99054100000001
3222,Hanson Pl & St Felix St,40.68515959989177,-73.97711366415024
3085,Roebling St & N 4 St,40.714690000000004,-73.95739
3344,Pioneer St & Van Brunt St,40.679043,-74.011169
3432,NYCBS Depot - GOW,40.66906013501107,-73.99463653564453
3526,31 St & 23 Ave,40.7747878,-73.91255509999999
3718,E 11 St & Avenue B,40.727464206923926,-73.97950418293476
3776,Central Ave & Starr Street,40.700003,-73.92834
3886,Menahan St & Onderdonk Ave,40.705529999999996,-73.9096
2012,E 27 St & 1 Ave,40.739445,-73.97680600000001
3552,W 113 St & Broadway,40.805973,-73.964928
3721,31 St & Newtown Ave,40.7675487799971,-73.92093345522879
538,E 48 St & Madison Ave,40.75666,-73.97668399999999
3059,Pulaski St & Marcus Garvey Blvd,40.693398200000004,-73.939877
3347,Van Brunt St & Wolcott St,40.6773429,-74.01275056
3485,NYCBS Depot - RIS,40.725208,-73.974724
3604,Rogers Ave & Sterling St,40.6630619,-73.95387459999999
407,Henry St & Poplar St,40.700469,-73.991454
312,Allen St & E Houston St,40.722055,-73.989111
3095,Graham Ave & Herbert St,40.71929301,-73.94500379
3314,W 95 St & Broadway,40.7937704,-73.971888
3383,Cathedral Pkwy & Broadway,40.804213,-73.96699104
3396,Clinton St & 4 Place,40.6783563,-74.00014502
3790,Henry St & Middagh St,40.7003,-73.99158100000001
448,W 37 St & 10 Ave,40.758,-73.998
3840,Putnam Ave & Wyckoff Ave,40.69811,-73.90904
349,Rivington St & Ridge St,40.71850211,-73.98329859
478,11 Ave & W 41 St,40.76030096,-73.99884222
252,MacDougal St & Washington Sq,40.73226398,-73.99852205
336,Sullivan St & Washington Sq,40.73047747,-73.99906065
511,E 14 St & Avenue B,40.72938685,-73.97772429
3226,W 82 St & Central Park West,40.78275,-73.97137
3392,Commerce St & Van Brunt St,40.681211700000006,-74.00860912
3549,Grand Ave & Bergen St,40.678045000000004,-73.962408
3553,Frederick Douglass Blvd & W 112 St,40.801694,-73.957145
3907,Central Ave & Melrose St,40.70112,-73.93039
357,E 11 St & Broadway,40.73261787,-73.99158043
526,E 33 St & 5 Ave,40.74765947,-73.98490707
3099,Leonard St & Manhattan Ave,40.72152240339303,-73.94898265600203
3875,Stephen St & Seneca Ave,40.6988,-73.9007
519,Pershing Square North,40.751999999999995,-73.977
331,Pike St & Monroe St,40.71173107,-73.99193043
2006,Central Park S & 6 Ave,40.76590936,-73.97634151
274,Lafayette Ave & Fort Greene Pl,40.68691865,-73.976682
259,South St & Whitehall St,40.70122128,-74.01234218
3178,Riverside Dr & W 78 St,40.78414472,-73.98362492
493,W 45 St & 6 Ave (1),40.7568001,-73.98291153
363,West Thames St,40.70834698,-74.01713445
3180,Brooklyn Bridge Park - Pier 2,40.69878,-73.99712
3873,Madison St & Cypress Ave,40.70068,-73.90742
356,Bialystoker Pl & Delancey St,40.71622644,-73.98261206
3171,Amsterdam Ave & W 82 St,40.78524672,-73.97667321
3447,E 71 St & 1 Ave,40.76703432309872,-73.95622730255127
306,Cliff St & Fulton St_1,40.70823502,-74.00530063
305,E 58 St & 3 Ave,40.760999999999996,-73.968
276,Duane St & Greenwich St,40.71748752,-74.0104554
3067,Broadway & Whipple St,40.7016657,-73.9437303
3066,Tompkins Ave & Hopkins St,40.69957608,-73.94708417
3697,W 64 St & Thelonious Monk Circle,40.77515953434235,-73.98918695747851
217,Old Fulton St,40.70277159,-73.99383605
218,Gallatin Pl & Livingston St,40.69028437,-73.98707105
3158,W 63 St & Broadway,40.77163851,-73.98261428
3292,5 Ave & E 93 St,40.785785100000005,-73.957481
3464,W 37 St & Broadway,40.752270938374096,-73.98770570755005
3648,Flushing Ave & Vanderbilt Ave,40.69795031569544,-73.97077560424805
3862,Linden St & Knickerbocker Ave,40.697140000000005,-73.91566
83,Atlantic Ave & Fort Greene Pl,40.68382604,-73.97632328
443,Bedford Ave & S 9 St,40.70853074,-73.96408963
3111,Norman Ave & Leonard St,40.725848299999996,-73.95064893
3341,Central Park West & W 102 St,40.795346,-73.96186
3325,E 95 St & 3 Ave,40.7849032,-73.950503
3746,6 Ave & Broome St,40.72430832160217,-74.00473035871983
3893,Rockaway Ave & Bainbridge St,40.68319988172761,-73.91166642308234
401,Allen St & Rivington St,40.72019576,-73.98997825
373,Willoughby Ave & Walworth St,40.69331716,-73.95381995
3509,Lenox Ave & W 115 St,40.8011939,-73.9500739
3707,Lexington Ave & E 26 St,40.741459000000006,-73.983293
3852,Stewart Ave & Johnson Ave,40.708690000000004,-73.92586999999999
3014,E.T. Bike-In Movie Valet Station,40.722852,-73.959114
3240,NYCBS Depot BAL - DYR,0.0,0.0
280,E 10 St & 5 Ave,40.73331967,-73.99510132
520,W 52 St & 5 Ave,40.75992262,-73.97648516
304,Broadway & Battery Pl,40.70463334,-74.01361706
3173,Riverside Blvd & W 67 St,40.777507027547976,-73.98888587951659
3077,Stagg St & Union Ave,40.70877084,-73.95095259
3249,Verona Pl & Fulton St,40.680356084043396,-73.94767910242079
3635,W 36 St & 9 Ave,40.754623240291046,-73.99516761302948
3511,Adam Clayton Powell Blvd & W 115 St,40.802535,-73.9532423
3537,Carlton Ave & Dean St,40.68097410000001,-73.97100970000001
315,South St & Gouverneur Ln,40.70355377,-74.00670227
3106,Driggs Ave & N Henry St,40.72325,-73.94308000000001
3542,Amsterdam Ave & W 119 St,40.8086249,-73.9596214
3711,E 13 St & Avenue A,40.72966729392978,-73.98067966103555
2005,Railroad Ave & Kay Ave,40.70531194,-73.97100056
3050,Putnam Ave & Throop Ave,40.6851532,-73.94111
3056,Kosciuszko St & Nostrand Ave,40.69072549,-73.95133465
3313,6 Ave & 12 St,40.666318100000005,-73.9854617
3562,Classon Ave & St Marks Ave,40.676519799999994,-73.9596082
3601,Sterling St & Bedford Ave,40.6627059,-73.9569115
3766,Sharon St & Olive St,40.715353,-73.93856
461,E 20 St & 2 Ave,40.73587678,-73.98205027
342,Columbia St & Rivington St,40.71739973,-73.98016555
3137,5 Ave & E 73 St,40.77282817,-73.96685276
3393,Richards St & Delavan St,40.67943270000001,-74.00785041
3259,9 Ave & W 28 St,40.74937024193277,-73.99923384189607
3450,Penn Station Valet - Valet Scan,40.7512836,-73.9969245
3812,University Pl & E 14 St,40.734814,-73.992085
3860,Wilson Ave & Troutman St,40.70166,-73.92754000000001
3887,Flushing Ave & Woodward Ave,40.71246,-73.91873000000001
253,W 13 St & 5 Ave -moved to 5947.04,40.73543934,-73.99453948
464,E 56 St & 3 Ave,40.75934501,-73.96759673
400,Pitt St & Stanton St,40.71926081,-73.98178024
322,Clinton St & Tillary St,40.696191999999996,-73.991218
3219,NYCBS Depot - STY,40.729193,-73.97665500000001
3469,India St & West St,40.73181401720966,-73.95995020866394
3610,Vernon Blvd & 30 Rd,40.770845,-73.93417099999999
3576,Park Pl & Vanderbilt Ave,40.6767,-73.969024
3871,Bushwick Ave & Furman Ave,40.682809999999996,-73.90623000000001
359,E 47 St & Park Ave,40.75510267,-73.97498696
389,Broadway & Berry St,40.71044554,-73.96525063
534,Water - Whitehall Plaza,40.70255065,-74.0127234
3566,Crescent St & 35 Ave,40.7596276,-73.93214549999999
327,Vesey Pl & River Terrace,40.716,-74.016
533,Broadway & W 39 St,40.75299641,-73.98721619
3620,11 St & 43 Ave,40.7519071,-73.94791190000001
3486,Schermerhorn St & Bond St,40.68841742754083,-73.98451656103134
3804,Front St & Jay St,40.702461,-73.98684200000001
416,Cumberland St & Lafayette Ave,40.68753406,-73.97265183
2022,E 60 St & York Ave,40.759107,-73.959223
173,Broadway & W 49 St,40.76068327096592,-73.98452728986742
3441,10 Hudson Yards,40.752957,-74.00264
3591,21 St & 31 Dr,40.7659,-73.930819
3857,Engert Ave & McGuinness Blvd,40.721579999999996,-73.94546
3859,Lorimer St & Calyer St,40.72795,-73.95414
352,W 56 St & 6 Ave,40.76340613,-73.97722479
531,Forsyth St & Broome St,40.71893904,-73.99266288
3331,Riverside Dr & W 104 St,40.8013434,-73.97114574390001
3311,Columbia St & Kane St,40.68763155,-74.0016256
3510,Adam Clayton Powell Blvd & W 123 St,40.8078316,-73.949373
3513,21 St & Hoyt Ave S,40.774645,-73.92370600000001
3692,5 St & Market St,40.6999974843885,-73.97440128028394
490,8 Ave & W 33 St,40.751551,-73.993934
395,Bond St & Schermerhorn St,40.68807003,-73.98410637
3086,Graham Ave & Conselyea St,40.715143,-73.944507
3151,E 81 St & York Ave,40.7728384,-73.94989233
3328,W 100 St & Manhattan Ave,40.795,-73.9645
3152,3 Ave & E 71 St,40.76873687,-73.96119945
3528,Steinway St & 23 Ave,40.771393700000004,-73.9077436
3521,Lenox Ave & W 111 St,40.7987859,-73.9523
3654,31 St & Northern Blvd,40.75186951421875,-73.93349289894103
3788,E 12 St & 4 Av,40.732690000000005,-73.98974
3767,Powers St & Olive St,40.713229999999996,-73.93894
232,Cadman Plaza E & Tillary St,40.69597683,-73.99014892
241,DeKalb Ave & S Portland Ave,40.68981035,-73.97493121
248,Laight St & Hudson St,40.72185379,-74.00771779
390,Duffield St & Willoughby St,40.69221589,-73.9842844
3161,W 76 St & Columbus Ave,40.7801839724239,-73.97728532552719
3414,Bergen St & Flatbush Ave,40.680944723477296,-73.97567331790923
3515,24 Ave & 26 St,40.774591,-73.918544
3762,3 Ave & Carroll St,40.677027,-73.9865
3841,Menahan St & Central Ave,40.69543,-73.9196
3705,Thompson St & Bleecker St,40.72840059450829,-73.99968780577183
3785,W 42 St & 6 Ave,40.75492,-73.98455
375,Mercer St & Bleecker St S,40.72679454,-73.99695094
3163,Central Park West & W 68 St,40.7734066,-73.97782542
3435,Grand St & Elizabeth St,40.718821999999996,-73.99596
2002,Wythe Ave & Metropolitan Ave,40.716887,-73.96319799999999
3072,Leonard St & Boerum St,40.70583339,-73.94644578
3083,Bushwick Ave & Powers St,40.71247661,-73.94100005
3145,E 84 St & Park Ave,40.77862688,-73.95772073
3842,Bushwick Ave & Dekalb Ave,40.69502,-73.92825
324,DeKalb Ave & Hudson Ave,40.689888,-73.981013
3304,6 Ave & 9 St,40.668127,-73.98377641
3345,Madison Ave & E 99 St,40.78948541553215,-73.9524292945862
3709,W 15 St & 6 Ave,40.73804614248277,-73.99642959237099
3773,Knickerbocker Ave & Thames St,40.70539,-73.92976
3248,LPI Facility,0.0,0.0
474,5 Ave & E 29 St,40.746,-73.986
362,Broadway & W 37 St,40.75172632,-73.98753523
278,Concord St & Bridge St,40.69766564,-73.98476437
242,Carlton Ave & Flushing Ave,40.697787,-73.973736
3070,McKibbin St & Manhattan Ave,40.70510918,-73.94407279
3909,Madison St & Woodward Ave,40.70408,-73.90408000000001
3177,W 84 St & Broadway,40.7867947,-73.977112
3317,10 St & 5 Ave,40.6686273,-73.98700053
3379,E 103 St & Lexington Ave,40.790305100000005,-73.94755757
3386,1 Pl & Clinton St,40.6809591,-73.99905709
3544,Underhill Ave & Pacific St,40.6804836,-73.9646795
3850,Jefferson St & Cypress Ave,40.709070000000004,-73.92156999999999
528,2 Ave & E 31 St,40.743,-73.977
3057,Kosciuszko St & Tompkins Ave,40.69128258,-73.9452416
3362,Madison Ave & E 82 St,40.7781314,-73.96069399
3662,31 Ave & Steinway St,40.76129389728909,-73.916916847229
3724,7 Ave & Central Park South,40.7667405590595,-73.9790689945221
270,Adelphi St & Myrtle Ave,40.69308257,-73.97178913
503,E 20 St & Park Ave,40.73827428,-73.98751968
3430,Richardson St & N Henry St,40.71907891179564,-73.94223690032959
3461,Murray St & Greenwich St,40.71485150526252,-74.01122331619263
372,Franklin Ave & Myrtle Ave,40.694546087246025,-73.95801365375519
3499,2 Ave & E 122 St,40.8006721,-73.9349
3685,Prospect Park - 5 Year Anniversary Celebration,40.66065236872916,-73.9645904302597
3608,5 St & 51 Ave,40.7423737,-73.9566
3755,DeKalb Ave & Franklin Ave,40.69064807082943,-73.95746178925037
3231,E 67 St & Park Ave,40.76780080148132,-73.96592080593109
475,E 16 St & Irving Pl,40.73524276,-73.98758561
3108,Nassau Ave & Russell St,40.725570000000005,-73.94434
3169,Riverside Dr & W 82 St,40.78720869,-73.98128127
3820,Willoughby Ave & Myrtle Ave,40.69757,-73.93098
3581,Underhill Ave & Lincoln Pl,40.674012299999994,-73.9671457
3818,Calyer St & Jewel St,40.72984,-73.94839
492,W 33 St & 7 Ave,40.75019995,-73.99093085
3082,Hope St & Union Ave,40.71167351,-73.95141312
3323,W 106 St & Central Park West,40.798185600000004,-73.96059090060001
3324,3 Ave & 14 St,40.6685455,-73.99333264
3558,Bergen St & Vanderbilt Ave,40.6794388,-73.96804379999999
497,E 17 St & Broadway,40.73704984,-73.99009296
3092,Berry St & N 8 St,40.7190095,-73.95852515
3139,E 72 St & Park Ave,40.77118287540658,-73.96409422159195
3388,President St & Henry St,40.6828003,-73.99990419
3588,Vernon Blvd & 10 St,40.7671863,-73.9373554
3779,Hart St & Wyckoff Ave,40.704876,-73.919911
3805,E 80 St & Park Ave,40.776173,-73.959757
268,Howard St & Centre St,40.71910537,-73.99973337
3757,Stagg St & Morgan Ave,40.710681,-73.93372
3787,Dock 72 Way & Market St,40.69985,-73.97140999999999
3877,Madison St & Forest Ave,40.70555,-73.90245
437,Macon St & Nostrand Ave,40.6809833854,-73.9500479759
3063,Nostrand Ave & Myrtle Ave,40.69527008,-73.95238108
3256,Pier 40 - Hudson River Park,40.7277140777778,-74.01129573583603
3488,8D QC Station 01,45.506364054011385,-73.5694634914398
515,W 43 St & 10 Ave,40.76009437,-73.99461843
3401,2 Ave & 9 St,40.6724811,-73.99331394
307,Canal St & Rutgers St,40.71427487,-73.98990025
3306,10 St & 7 Ave,40.666207799999995,-73.98199886
3578,Park Pl & Franklin Ave,40.67418060000001,-73.95649470000001
3845,Irving Ave & Harman St,40.70108,-73.9179
195,Liberty St & Broadway,40.70905623,-74.01043382
3084,Devoe St & Leonard St,40.71348658,-73.94792458
3131,E 68 St & 3 Ave,40.76712840349542,-73.96224617958069
3567,11 St & 35 Ave,40.76274420000001,-73.9391141
3684,W 12 St & W 4 St,40.73756121181137,-74.00398269295692
3744,1 Ave & E 5 St,40.725864,-73.986389
3115,India St & Manhattan Ave,40.73232194,-73.9550858
151,Cleveland Pl & Spring St,40.72210378668603,-73.99724900722505
3361,Carroll St & 6 Ave,40.6740886,-73.9787282
3848,Suydam St & Broadway,40.695440000000005,-73.93223
72,W 52 St & 11 Ave,40.76727216,-73.99392888
3326,Clinton St & Centre St,40.67434,-74.00194698
3649,W 129 St & Convent Ave,40.81439443791581,-73.95324736833571
3704,47 Ave & Skillman Ave,40.7437524099784,-73.94176483154297
3885,Onderdonk Ave & Gates Ave,40.70413,-73.90737
3700,E 87 St & 3 Ave,40.779406085297865,-73.95333588123322
501,FDR Drive & E 35 St,40.744219,-73.97121214
527,E 33 St & 1 Ave,40.74315566,-73.97434726
392,Jay St & Tech Pl,40.695065,-73.987167
3122,48 Ave & 5 St,40.74436328706688,-73.95587325096129
3230,Penn Station Valet,40.751283596962296,-73.99692445993422
3594,Montgomery St & Franklin Ave OLD,40.6661649,-73.95934840000001
426,West St & Chambers St,40.71754834,-74.01322069
3073,Division Ave & Hooper St,40.70691254,-73.95441667
3329,Degraw St & Smith St,40.6829151,-73.99318208
3295,Central Park W & W 96 St,40.791270000000004,-73.964839
3720,Wyckoff St & Bond St,40.68461653897949,-73.98721285164356
285,Broadway & E 14 St,40.73454567,-73.99074142
3462,E 44 St & 2 Ave,40.75118387463277,-73.97138714790343
3853,Harrison Pl & Porter Ave,40.70686,-73.92851
3846,Central Ave & Himrod St,40.69676,-73.92302
397,Fulton St & Clermont Ave,40.68415748,-73.96922273
3116,Huron St & Franklin St,40.732659999999996,-73.95826
3690,Park Pl & Church St,40.713,-74.01
399,Lafayette Ave & St James Pl,40.68851534,-73.9647628
3235,E 41 St & Madison Ave,40.752165280621966,-73.97992193698882
476,E 31 St & 3 Ave,40.74394314,-73.97966069
313,Washington Ave & Park Ave,40.69610226,-73.96751037
3455,Schermerhorn St & 3 Ave,40.68680820503432,-73.98036181926726
3836,Bushwick Ave & Linden St,40.69146,-73.92146
428,E 3 St & 1 Ave,40.72467721,-73.98783413
446,W 24 St & 7 Ave,40.74487634,-73.99529885
284,Greenwich Ave & 8 Ave,40.7390169121,-74.0026376103
3234,E 40 St & Madison Ave,40.75159368451112,-73.98043155670166
3134,3 Ave & E 62 St,40.76312584,-73.96526895
3244,University Pl & E 8 St,40.73143724085228,-73.99490341544151
3182,Yankee Ferry Terminal,40.686931,-74.016966
3407,Union St & Nevins St,40.67909799721684,-73.98765474557877
3910,Greene Ave & Grandview Ave,40.709697,-73.90785600000001
3172,W 74 St & Columbus Ave,40.7785669,-73.97754961
3255,8 Ave & W 31 St,40.7505853470215,-73.9946848154068
3607,31 Ave & 14 St,40.7682,-73.9322662
3568,34 St & 35 Ave,40.756933200000006,-73.92622309999999
3838,Bushwick Ave & Harman St,40.69356,-73.92524
417,Barclay St & Church St,40.71291224,-74.01020234
144,Nassau St & Navy St,40.69839895,-73.98068914
3445,Riverside Dr & W 89 St,40.791811715010965,-73.9786022901535
3837,Broadway & Kosciuszko St,40.693290000000005,-73.92851999999999
432,E 7 St & Avenue A,40.72621788,-73.98379855
463,9 Ave & W 16 St,40.74206539,-74.00443172
3239,Bressler,40.646538367096475,-74.0165877342224
3618,27 St & Hunter St,40.7485,-73.941275
3728,Pierrepont St & Monroe Pl,40.69535693320225,-73.99344027042389
3061,Throop Ave & Myrtle Ave,40.69622937,-73.94371094
3366,West End Ave & W 107 St,40.8021174,-73.9681805305
3289,W 90 St & Amsterdam Ave,40.79017948095081,-73.97288918495178
3356,Amsterdam Ave & W 66 St,40.7746671,-73.98470567
3443,W 52 St & 6 Ave,40.76132983124814,-73.97982001304626
3605,31 Ave & Crescent St,40.765834600000005,-73.9265474
3587,Carroll St & Washington Ave,40.6686744,-73.9618148
3783,Cliff St & Fulton St,40.70838,-74.00495
386,Centre St & Worth St,40.71494807,-74.00234482
3154,E 77 St & 3 Ave,40.77314236,-73.95856158
3417,Baltic St & 5 Ave,40.6795766,-73.97854971
3299,E 98 St & Park Ave,40.788129999999995,-73.95206
3775,Suydam St & Knickerbocker Ave,40.702013,-73.923769
3874,Menahan St & Seneca Ave,40.704609999999995,-73.91054
364,Lafayette Ave & Classon Ave,40.68900443,-73.96023854
3363,E 102 St & Park Ave,40.7904828,-73.95033068
3809,W 55 St & 6 Ave,40.763201,-73.97845799999999
3297,6 St & 7 Ave,40.668662700000006,-73.97988067
3903,Jefferson Ave & Evergreen Ave,40.689890000000005,-73.91458
326,E 11 St & 1 Ave,40.72953837,-73.98426726
3120,Center Blvd & Borden Ave,40.741609999999994,-73.96044
360,William St & Pine St,40.70717936,-74.00887308
536,1 Ave & E 30 St,40.74144387,-73.97536082
3438,E 76 St & 3 Ave,40.772248537721744,-73.95842134952545
3843,Myrtle Ave & Grove St,40.69905,-73.91516
3847,Cedar St & Evergreen Ave,40.696709999999996,-73.92806999999999
3888,Woodward Ave & Harman St,40.70793,-73.91091999999999
529,W 42 St & 8 Ave,40.75756989999999,-73.99098507
405,Washington St & Gansevoort St,40.739323,-74.008119
3589,Broadway & 12 St,40.7668,-73.93477740000002
3658,W 18 St & 9 Ave,40.7435337324616,-74.00367558002472
329,Greenwich St & N Moore St,40.72043411,-74.01020609
410,Suffolk St & Stanton St,40.72066442,-73.98517977
479,9 Ave & W 45 St,40.76019252,-73.9912551
3179,Park Ave & Marcus Garvey Blvd,40.698617,-73.941342
3382,Carroll St & Smith St,40.68,-73.995
271,Ashland Pl & Hanson Pl,40.68528172,-73.97805813
353,S Portland Ave & Hanson Pl,40.68539567,-73.97431458
3241,Monroe St & Tompkins Ave,40.686203000000006,-73.944694
3339,Berkeley Pl & 6 Ave,40.6765304,-73.97846879
3368,5 Ave & 3 St,40.672815500000006,-73.98352355
3265,E 2 St & 2 Ave,40.7245634290432,-73.9894437789917
3899,Manhattan Av & Leonard St,40.72084,-73.94844
500,Broadway & W 51 St,40.76228826,-73.98336183
311,Norfolk St & Broome St,40.7172274,-73.98802084
512,W 29 St & 9 Ave,40.750072700000004,-73.99839279
3125,45 Rd & 11 St,40.74708586,-73.94977234
3372,E 74 St & 1 Ave,40.7689738,-73.95482273
3628,Lenox Ave & W 117 St,40.8025566,-73.9490782
3831,Broadway & Hancock St,40.68663,-73.9168
3833,Madison St & Evergreen Ave,40.69122,-73.91693000000001
434,9 Ave & W 18 St,40.743,-74.00399999999999
382,University Pl & E 14 St,40.73492695,-73.99200509
347,Greenwich St & W Houston St,40.728846000000004,-74.00859100000001
3597,43 St & Broadway,40.7577284,-73.9166368
3675,3 Ave & E 95 St,40.784596798848916,-73.94968539476396
439,E 4 St & 2 Ave,40.726280700000004,-73.98978041
523,W 38 St & 8 Ave,40.75466591,-73.99138152
3508,St Nicholas Ave & Manhattan Ave,40.809725,-73.953149
257,Lispenard St & Broadway,40.71939226,-74.00247214
484,W 44 St & 5 Ave,40.75500254,-73.98014437
472,E 32 St & Park Ave,40.745712100000006,-73.98194829
3074,Montrose Ave & Bushwick Ave,40.70767788,-73.94016171
3118,McGuinness Blvd & Eagle St,40.73555,-73.95284000000001
3360,Amsterdam Ave & W 79 St,40.7829391,-73.9786517
3693,N 11 St & Kent Ave,40.72248188638219,-73.95921930670737
3437,Riverside Dr & W 91 St,40.793134809866636,-73.97700369358063
3758,George St & Wilson Ave,40.702996999999996,-73.92997
3446,NYCBS Depot - STY - Valet Scan,0.0,0.0
3413,Wyckoff St & 3 Ave,40.6827549,-73.98258555
3598,Newton Rd & 44 St,40.7595701,-73.91426779999999
3476,Norman Ave & Leonard St,40.725769967272136,-73.9507395029068
3479,Picnic Point,40.68512559515415,-74.02535319328308
3625,28 St & 40 Ave,40.752575799999995,-73.9364281
3674,Jay St & York St,40.70140317257725,-73.98672670125961
423,W 54 St & 9 Ave,40.76584941,-73.98690506
260,Broad St & Bridge St,40.70365182,-74.01167797
3420,Douglass St & 3 Ave,40.6802133,-73.98432695
3533,St. Nicholas Ave & W 126 St,40.8114323,-73.95187759999999
3777,Stockholm St & Wilson Ave,40.699304,-73.92304399999999
441,E 52 St & 2 Ave,40.756014,-73.967416
216,Columbia Heights & Cranberry St,40.70037867,-73.99548059
290,2 Ave & E 58 St,40.76020258,-73.96478473
3543,Morningside Dr & Amsterdam Ave,40.81028506306003,-73.95736455917357
3683,Smart Cities Conference,40.71015471094912,-73.98453533649443
3770,Central Ave & Flushing Ave,40.702831,-73.9333
3782,Brooklyn Bridge Park - Pier 2,40.698458,-73.997178
263,Elizabeth St & Hester St,40.717290000000006,-73.996375
3319,14 St & 5 Ave,40.666287,-73.98895053
3527,5 Ave & E 126 St,40.806979999999996,-73.94174699999999
3839,Putnam Ave & Knickerbocker Ave,40.69545,-73.91164
460,S 4 St & Wythe Ave,40.71285887,-73.96590294
152,Warren St & Church St,40.71473993,-74.00910627
225,W 14 St & The High Line,40.74195138,-74.00803013
3264,E 61 St & Park Ave,40.76421007169064,-73.96910458803177
3375,3 Ave & E 72 St,40.7699426,-73.96060712
3477,39 St & 2 Ave - Citi Bike HQ at Industry City,40.65539977447831,-74.0106278657913
3505,Lexington Ave & E 127 St,40.805726,-73.936322
3815,E 51 St & 2 Ave,40.755293,-73.967641
383,Greenwich Ave & Charles St,40.735238,-74.000271
387,Centre St & Chambers St,40.71273266,-74.0046073
404,9 Ave & W 14 St,40.7405826,-74.00550867
3124,46 Ave & 5 St,40.74731,-73.95451
3060,Willoughby Ave & Tompkins Ave,40.69425403,-73.94626915
3876,Forest Ave & Summerfield St,40.699220000000004,-73.89795
3119,Vernon Blvd & 50 Ave,40.74232744,-73.95411749
3260,Mercer St & Bleecker St,40.72706363348306,-73.99662137031554
3810,Central Park West & W 82 St,40.782593,-73.971211
3901,Stanhope St & Fairview Ave,40.70998,-73.91116
3518,Lenox Ave & W 126 St,40.808442,-73.94520870000001
3215,JSQ Don't Use,0.0,0.0
3524,19 St & 24 Ave,40.777455200000006,-73.9225403
3816,Metropolitan Ave & Vandervoort Ave,40.714290000000005,-73.93323000000001
3866,Wilson Ave & Moffat St,40.68906,-73.90505999999999
2009,Catherine St & Monroe St,40.71117444,-73.99682619
116,W 17 St & 8 Ave,40.74177603,-74.00149746
3387,E 106 St & Madison Ave,40.79343370000001,-73.94945003
3410,Dean St & Hoyt St,40.686444200000004,-73.98759104
3429,Hanson Pl & Ashland Pl,40.68506807308177,-73.97790759801863
3384,Smith St & 3 St,40.678724200000005,-73.99599099
3454,Leonard St & Maujer St,40.71036854235229,-73.94705951213838
3337,Dwight St & Van Dyke St,40.67363551341504,-74.01195555925368
3781,Greene Av & Myrtle Av,40.698568,-73.918877
483,E 12 St & 3 Ave,40.73223272,-73.98889957
239,Willoughby St & Fleet St,40.69196566,-73.9813018
3123,31 St & Thomson Ave,40.74469738,-73.93540375
3891,Irving Ave & Palmetto St,40.698,-73.9127
418,Front St & Gold St,40.70224,-73.982578
3415,Prospect Pl & 6 Ave,40.6793307,-73.97519523
3400,E 110 St & Madison Ave,40.796153499999996,-73.94782145
3327,3 Ave & E 100 St,40.787721399999995,-73.94728331
480,W 53 St & 10 Ave,40.76669671,-73.99061728
419,Carlton Ave & Park Ave,40.69580705,-73.97355569
3453,Devoe St & Lorimer St,40.71335226222875,-73.9491033554077
3548,Pacific St & Bedford Ave,40.6777747,-73.9529322
470,W 20 St & 8 Ave,40.74345335,-74.00004031
3150,E 85 St & York Ave,40.77536905,-73.94803392
3155,Lexington Ave & E 63 St,40.76440023,-73.96648977
3143,5 Ave & E 78 St,40.77632142182271,-73.96427392959596
462,W 22 St & 10 Ave,40.74691959,-74.00451887
295,Pike St & E Broadway,40.71406667,-73.99293911
3071,Boerum St & Broadway,40.70538077,-73.94976519
3611,Vernon Blvd & 47 Rd,40.7449067,-73.9534573
3769,White St & Johnson Ave,40.707174,-73.93581
518,E 39 St & 2 Ave,40.74780373,-73.97344190000001
454,E 51 St & 1 Ave,40.75455731,-73.96592976
3114,India St & East River,40.73165141,-73.96161892
3301,Columbus Ave & W 95 St,40.7919557,-73.968087
3516,31 St & Astoria Blvd,40.76991760000001,-73.91840570000001
3103,N 11 St & Wythe Ave,40.72153267,-73.95782357
3772,Devoe St & Morgan Ave,40.713811,-73.93515
3419,Douglass St & 4 Ave,40.67927879999999,-73.98154004
3288,E 88 St & 1 Ave,40.778301,-73.9488134
3411,Bond St & Bergen St,40.6849668,-73.98620772
3336,E 97 St & Madison Ave,40.787801,-73.953559
3478,2 Ave & 36 St - Citi Bike HQ at Industry City,40.65708866668485,-74.00870203971863
3547,Broadway & Moylan Pl,40.8143256,-73.9590255
361,Allen St & Hester St,40.716,-73.992
343,Clinton Ave & Flushing Ave,40.69794,-73.96986848
330,Reade St & Broadway,40.71450451,-74.00562789
3421,Hoyt St & Warren St,40.6843549,-73.98901629
3490,E 116 St & 2 Ave,40.796879,-73.93726099999999
3506,Lexington Ave & E 120 St,40.8013066,-73.93981670000001
3737,Stanton St & Norfolk St,40.720746999999996,-73.986274
3793,Stuyvesant Walk & 1 Av Loop,40.732339777151054,-73.97898383438587
157,Henry St & Atlantic Ave,40.69089272,-73.99612349
3079,Leonard St & Grand St,40.71103537,-73.94714303
3335,Union St & 4 Ave,40.6772744,-73.98282002
3409,Bergen St & Smith St,40.686744299999994,-73.99063168
3538,W 110 St & Amsterdam Ave,40.802692,-73.96295
3531,Frederick Douglass Blvd & W 129 St,40.8125511,-73.9492286
3712,W 35 St & Dyer Ave,40.754691750226016,-73.9974018931389
3763,Wyckoff Av & Jefferson St,40.707165,-73.923711
403,E 2 St & 2 Ave,40.72502876,-73.99069656
3113,Greenpoint Ave & Manhattan Ave,40.730259999999994,-73.95394
3229,Marcy Ave & MacDonough St,40.68061768455451,-73.94624948501588
3101,N 12 St & Bedford Ave,40.72079821,-73.95484712
3153,E 71 St & 2 Ave,40.76817546742245,-73.95910263061523
161,LaGuardia Pl & W 3 St,40.72917025,-73.99810231
3595,35 St & Broadway,40.760339,-73.9222427
3803,Bedford Ave & Montgomery St,40.665816,-73.95693399999999
414,Pearl St & Anchorage Pl,40.70281858,-73.98765762
3168,Central Park West & W 85 St,40.78472675,-73.96961715
3468,NYCBS Depot - STY - Garage 4,40.730380100000005,-73.9747502
3058,Lewis Ave & Kosciuszko St,40.69237074,-73.93705428
3647,48 Ave & 30 Pl,40.74128309355993,-73.93725872039794
238,Bank St & Washington St,40.7361967,-74.00859207
348,W Broadway & Spring St,40.72490985,-74.00154702
291,Madison St & Montgomery St,40.713126,-73.984844
3561,37 Ave & 35 St,40.7531106,-73.9279917
473,Rivington St & Chrystie St,40.72110063,-73.99192540000001
498,Broadway & W 32 St,40.74854862,-73.98808416
430,York St & Jay St,40.7014851,-73.98656928
3065,Union Ave & Wallabout St,40.70029511,-73.95032283
3765,Bushwick Ave & Stagg St,40.709897,-73.94008000000001
3855,Frost St & Debevoise Ave,40.71882,-73.93948
147,Greenwich St & Warren St,40.71542197,-74.01121978
365,Fulton St & Grand Ave,40.68223166,-73.9614583
3081,Graham Ave & Grand St,40.711863,-73.944024
3644,Van Dyke St & Van Brunt St,40.67581622522832,-74.01488184928894
3829,Central Ave & Decatur St,40.6882,-73.90798000000001
289,Monroe St & Classon Ave,40.684568299999995,-73.95881081
3612,30 Ave & 21 St,40.77037429999999,-73.9286078
471,Grand St & Havemeyer St,40.71286844,-73.95698119
224,Spruce St & Nassau St,40.71146364,-74.00552427
3064,Myrtle Ave & Lewis Ave,40.69681963,-73.93756926
3088,Union Ave & Jackson St,40.7160751,-73.95202900000001
3602,31 Ave & 34 St,40.763154,-73.920827
3878,Cypress Ave & George St,40.69812,-73.90271
350,Clinton St & Grand St,40.71559509,-73.9870295
3146,E 81 St & 3 Ave,40.77573034,-73.9567526
3359,E 68 St & Madison Ave,40.7691572,-73.96703464
236,St Marks Pl & 2 Ave,40.7284186,-73.98713956
298,3 Ave & Schermerhorn St,40.68683208,-73.9796772
3157,East End Ave & E 86 St,40.77518615,-73.94446054
320,Leonard St & Church St,40.717571,-74.005549
3500,E 115 St & Madison Ave,40.7989445,-73.944846
3619,Newtown Ave & 23 St,40.7713615,-73.9246145
3596,Sullivan Pl & Bedford Ave,40.6642406,-73.9574686
367,E 53 St & Lexington Ave,40.75828065,-73.97069431
3353,Reed St & Van Brunt St,40.6747844,-74.01612847
3523,24 Ave & 29 St,40.7729,-73.91614200000001
3623,W 120 St & Claremont Ave,40.8109494,-73.9634
127,Barrow St & Hudson St,40.73172428,-74.00674436
456,E 53 St & Madison Ave,40.75971079999999,-73.97402311
447,8 Ave & W 52 St,40.76370739,-73.9851615
3246,Montague St & Clinton St,40.694281141397326,-73.99230033159256
3351,E 102 St & 1 Ave,40.7869946,-73.94164802
3560,28 St & 38 Ave,40.754876,-73.934326
3664,North Moore St & Greenwich St,40.72019521437465,-74.0103006362915
3487,Prototype Lab Motivate Headquarters,40.65659567482039,-74.00849282741547
266,Avenue D & E 8 St,40.72368361,-73.97574813
255,NYCBS Depot - SSP,40.646768,-74.01651
3094,Graham Ave & Withers St,40.7169811,-73.94485918
3412,Pacific St & Nevins St,40.6853761,-73.98302136
3554,Vernon Blvd & 41 Rd,40.7552433,-73.94856779999999
366,Clinton Ave & Myrtle Ave,40.693261,-73.968896
486,Broadway & W 29 St,40.7462009,-73.98855723
3663,Sterling Pl & 7 Ave,40.67716489469059,-73.97382795810701
3725,2 Ave & E 72 St,40.7687620293096,-73.95840793848038
3719,S Portland Ave & Atlantic Ave,40.683222541615955,-73.9738118648529
449,W 52 St & 9 Ave,40.76461837,-73.98789473
3055,Greene Ave & Nostrand Ave,40.68833370000001,-73.950916
3098,Leonard St & Bayard St,40.71928,-73.94861
3546,Pacific St & Classon Ave,40.67919439999999,-73.95879029999999
3631,Crown St & Bedford Ave,40.666563000000004,-73.95674100000001
3731,W 47 St & 6 Ave,40.758396999999995,-73.98255
2004,6 Ave & Broome St,40.724399,-74.004704
436,Hancock St & Bedford Ave,40.68216564,-73.95399026
409,DeKalb Ave & Skillman St,40.6906495,-73.95643107
3404,7 St & 5 Ave,40.670492200000005,-73.98541675
3291,Riverside Dr & W 91 St,40.7933718,-73.97685115
3340,Wolcott St & Dwight St,40.6753274,-74.0100698
3423,West Drive & Prospect Park West,40.6610633719006,-73.97945255041121
3583,Eastern Pkwy & Washington Ave,40.6716493,-73.9631145
3615,44 Dr & 21 St,40.748000000000005,-73.94609270000001
3680,E 43 St & 5 Ave,40.754120810779256,-73.98025184869765
457,Broadway & W 58 St,40.76695317,-73.98169333
3456,Jackson St & Leonard St,40.716380319735606,-73.94821286201476
3795,10 St & 2 Ave,40.671907,-73.993612
420,Clermont Ave & Lafayette Ave,40.68764484,-73.96968902
3159,W 67 St & Broadway,40.77492513,-73.98266566
3457,E 58 St & Madison Ave,40.763025942805186,-73.97209525108337
3557,40 Ave & 9 St,40.75742,-73.945133
3761,Cedar St & Myrtle Ave,40.697842,-73.926241
3358,Garfield Pl & 8 Ave,40.671197799999995,-73.97484126
3726,Center Blvd & 51 Ave,40.74336608027021,-73.95960688591003
376,John St & William St,40.70862144,-74.00722156
143,Clinton St & Joralemon St,40.69239502,-73.99337909
3390,E 109 St & 3 Ave,40.79329668,-73.9432083
3463,E 16 St & Irving Pl,40.735367055605394,-73.98797392845155
3550,Convent Ave & W 129 St,40.81413,-73.953005
3606,49 Ave & 21 St,40.74252,-73.948852
3622,E 128 St & Madison Ave,40.807559999999995,-73.93918199999999
3498,Pleasant Ave & E 120 St,40.7974772,-73.9311847
3141,1 Ave & E 68 St,40.76500525,-73.95818491
3357,W 106 St & Amsterdam Ave,40.80083629999999,-73.9664492472
3637,Fulton St & Waverly Ave,40.68323865460341,-73.96599590778352
3734,E 58 St &  1 Ave (NW Corner),40.759125,-73.96265799999999
3817,Withers St & Kingsland Ave,40.717729999999996,-73.94051
3879,Broadway & Madison St,40.68822,-73.91966
3872,Hancock St & Wyckoff Ave,40.6972,-73.90674
489,10 Ave & W 28 St,40.75066386,-74.00176802
237,E 11 St & 2 Ave,40.73047309,-73.98672378
79,Franklin St & W Broadway,40.71911552,-74.00666661
3688,2 Ave & E 55 St,40.75792020879402,-73.96638214588165
459,W 20 St & 11 Ave,40.746745000000004,-74.007756
3529,Lenox Ave & W 130 St,40.8107922,-73.9430681
3502,Lexington Ave & E 111 St,40.79541210000001,-73.9441232
3049,Cambridge Pl & Gates Ave,40.68488,-73.96304
3365,3 St & 7 Ave,40.67038370000001,-73.97839676
3458,W 55 St & 6 Ave,40.76309387270797,-73.97835016250609
